"","Id","OverallQual","GrLivArea","GarageCars","GarageArea","SalePrice"
"1",1461,5,896,1,730,122522.09
"2",1462,6,1329,1,312,153638.249
"3",1463,5,1629,2,482,159890.077
"4",1464,6,1604,2,470,185141.87
"5",1465,8,1280,2,506,224551.134
"6",1466,6,1655,2,440,186425.753
"7",1467,6,1187,2,420,162396.029
"8",1468,6,1465,2,393,175057.417
"9",1469,7,1341,2,506,200586.233
"10",1470,4,882,2,525,97653.746
"11",1471,7,1337,2,511,200595.331
"12",1472,6,987,1,264,134693.339
"13",1473,5,1092,1,320,115232.418
"14",1474,6,1456,2,440,176560.726
"15",1475,7,836,1,308,156021.702
"16",1476,9,2334,3,751,325269.562
"17",1477,8,1544,3,868,263970.964
"18",1478,9,1698,3,730,292870.096
"19",1479,8,1822,3,678,269871.438
"20",1480,9,2696,3,958,351800.934
"21",1481,8,2250,3,756,294323.966
"22",1482,8,1370,2,484,228100.188
"23",1483,6,1324,2,430,169602.31
"24",1484,7,1145,2,437,188007.943
"25",1485,7,1374,2,400,197825.474
"26",1486,7,1733,2,433,216990.955
"27",1487,8,2475,3,962,314022.359
"28",1488,8,1595,3,880,266996.923
"29",1489,7,1218,2,676,201540.014
"30",1490,6,1468,2,528,180805.666
"31",1491,7,1659,2,484,215437.931
"32",1492,5,1012,1,429,115787.68
"33",1493,6,1494,2,461,179315.538
"34",1494,8,2349,3,762,299480.561
"35",1495,8,2225,3,713,291301.087
"36",1496,7,1488,2,506,207873.464
"37",1497,7,1680,2,588,220792.676
"38",1498,7,1200,2,480,192518.012
"39",1499,7,1200,2,480,192518.012
"40",1500,6,1236,2,480,167313.786
"41",1501,6,1512,2,440,179336.814
"42",1502,7,1080,2,496,187232.9
"43",1503,8,1418,3,852,257061.118
"44",1504,8,1848,2,592,256275.706
"45",1505,7,1492,2,596,211804.776
"46",1506,6,1829,2,535,198991.865
"47",1507,6,2495,2,660,237192.233
"48",1508,6,1891,2,678,207996.745
"49",1509,6,1645,2,441,185971.501
"50",1510,5,1232,2,490,140541.42
"51",1511,5,1209,2,504,139981.933
"52",1512,5,1510,2,517,155442.62
"53",1513,6,1775,2,480,194033.633
"54",1514,5,1728,0,0,122170.364
"55",1515,5,2461,2,400,197733.617
"56",1516,6,1556,2,470,182762.366
"57",1517,6,1128,1,315,143798.51
"58",1518,5,1604,2,576,162549.684
"59",1519,7,1480,2,620,212205.372
"60",1520,5,1143,1,308,117262.905
"61",1521,5,1206,1,312,120551.916
"62",1522,6,1580,2,440,182707.778
"63",1523,4,1337,1,263,98024.703
"64",1524,5,1064,1,318,113761.418
"65",1525,5,972,1,305,108661.488
"66",1526,5,988,1,264,107754.058
"67",1527,4,985,2,676,109022.943
"68",1528,6,1224,1,280,147105.788
"69",1529,5,1175,2,484,137466.891
"70",1530,6,1395,2,440,173536.773
"71",1531,4,1844,1,240,122204.22
"72",1532,5,936,0,0,82908.548
"73",1533,5,1347,2,551,148772.473
"74",1534,6,1251,1,240,146785.139
"75",1535,5,1633,1,240,138733.171
"76",1536,5,1245,1,315,122609.697
"77",1537,2,832,2,780,51774.278
"78",1538,8,1566,1,288,218369.286
"79",1539,8,2268,2,624,278423.662
"80",1540,5,2256,0,0,148344.908
"81",1541,6,1470,2,624,184886.7
"82",1542,5,1612,1,363,142793.932
"83",1543,7,2068,1,315,217385.984
"84",1544,4,765,1,200,67055.833
"85",1545,6,1132,1,240,140885.952
"86",1546,6,1196,2,576,169312.754
"87",1547,5,1453,1,240,129810.031
"88",1548,6,1416,1,312,157951.1
"89",1549,5,1040,2,624,136581.456
"90",1550,5,1536,2,480,155196.832
"91",1551,6,1068,1,288,139704.224
"92",1552,4,1962,2,572,153142.052
"93",1553,6,1560,0,0,140830.954
"94",1554,6,1324,1,180,147915.288
"95",1555,5,1675,1,365,145999.987
"96",1556,5,1224,1,180,115969.134
"97",1557,5,1392,0,0,105513.836
"98",1558,6,919,1,231,129953.601
"99",1559,4,1884,0,0,102914.898
"100",1560,5,1680,2,450,161091.004
"101",1561,4,1832,0,0,100337.102
"102",1562,5,892,1,416,109299.706
"103",1563,5,864,1,280,102270.654
"104",1564,5,1373,2,591,151720.491
"105",1565,5,1440,2,480,150437.824
"106",1566,7,1483,2,690,215257.551
"107",1567,4,756,2,440,87881.918
"108",1568,6,1981,2,522,205987.747
"109",1569,3,1610,1,480,93570.004
"110",1570,6,1074,1,467,147426.224
"111",1571,4,1531,1,209,105402.053
"112",1572,5,1172,1,366,121106.246
"113",1573,7,1508,2,572,211602.472
"114",1574,5,1298,2,504,144393.93
"115",1575,7,1433,2,528,206059.465
"116",1576,6,1802,4,1017,240280.834
"117",1577,7,1222,2,615,199208.148
"118",1578,6,1445,2,484,177840.455
"119",1579,5,965,2,580,131038.449
"120",1580,7,1692,2,513,218276.702
"121",1581,5,1026,1,308,111462.864
"122",1582,5,876,2,484,122644.564
"123",1583,8,1978,3,850,284739.042
"124",1584,7,2098,2,621,242882.964
"125",1585,6,848,2,420,145590.782
"126",1586,3,640,1,240,35529.474
"127",1587,5,992,1,319,110233.64
"128",1588,5,1196,1,336,121051.658
"129",1589,4,1120,2,480,107585.61
"130",1590,6,1096,1,352,143746.86
"131",1591,4,960,0,0,57109.446
"132",1592,5,1296,1,260,122856.63
"133",1593,6,856,2,399,145116.328
"134",1594,4,2650,0,0,140887.816
"135",1595,5,1666,0,0,119096.838
"136",1596,7,2133,1,312,220483.795
"137",1597,5,2177,2,484,187139.037
"138",1598,7,1652,2,473,214634.662
"139",1599,8,1034,2,598,216172.152
"140",1600,8,1191,2,531,221176.087
"141",1601,2,540,1,200,1924.2
"142",1602,6,1107,1,625,155615.657
"143",1603,4,952,1,330,81718.124
"144",1604,8,1646,2,525,243482.934
"145",1605,8,1916,3,741,277144.414
"146",1606,6,1285,2,473,169452.517
"147",1607,6,2048,2,776,219844.55
"148",1608,7,1346,3,660,218539.232
"149",1609,7,1214,2,520,194871.154
"150",1610,5,1444,2,400,147317.876
"151",1611,5,1264,2,528,143703.92
"152",1612,5,1430,2,624,155914.926
"153",1613,5,1344,2,686,154223.284
"154",1614,5,945,1,253,105166.161
"155",1615,4,1092,0,0,63653.082
"156",1616,4,1092,0,0,63653.082
"157",1617,4,1092,1,286,86833.312
"158",1618,5,874,1,352,105752.8
"159",1619,5,833,2,495,120969.183
"160",1620,5,2432,2,616,205255.248
"161",1621,5,1274,2,576,146190.594
"162",1622,5,1479,1,275,132550.659
"163",1623,8,1803,2,482,249482.341
"164",1624,6,1797,2,616,200765.247
"165",1625,6,882,1,502,139359.938
"166",1626,6,1434,2,528,179120.184
"167",1627,6,1608,2,470,185340.162
"168",1628,8,2283,3,632,290816.603
"169",1629,7,1628,2,390,210002.236
"170",1630,8,2522,2,564,288526.524
"171",1631,8,1478,2,495,233910.33
"172",1632,8,1734,2,528,247969.792
"173",1633,7,1382,2,396,198056.146
"174",1634,6,1636,2,440,185483.866
"175",1635,6,1516,2,409,178249.288
"176",1636,6,1190,2,430,162959.528
"177",1637,5,1934,2,567,178535.472
"178",1638,7,2050,2,529,236687.484
"179",1639,6,1671,2,484,189043.953
"180",1640,7,2673,2,441,263921.399
"181",1641,6,1707,2,479,190621.191
"182",1642,7,1884,2,581,230615.222
"183",1643,8,1874,2,588,257398.692
"184",1644,8,1811,2,565,253321.599
"185",1645,5,1621,2,478,159327.581
"186",1646,6,1116,2,528,163355.97
"187",1647,7,1193,2,506,193249.429
"188",1648,5,1180,2,477,137424.41
"189",1649,5,1050,1,336,113814
"190",1650,4,864,2,576,98876.81
"191",1651,4,864,2,576,98876.81
"192",1652,6,987,1,264,134693.339
"193",1653,6,987,1,288,135688.811
"194",1654,6,1548,2,440,181121.442
"195",1655,7,1055,2,440,183670.807
"196",1656,6,1456,2,440,176560.726
"197",1657,6,1548,2,440,181121.442
"198",1658,6,1456,2,440,176560.726
"199",1659,7,836,1,345,157556.388
"200",1660,5,1120,2,656,141874.592
"201",1661,9,2772,3,754,347106.97
"202",1662,9,2690,3,864,347604.564
"203",1663,9,2020,3,896,315717.95
"204",1664,10,2674,3,762,369569.494
"205",1665,9,1736,3,834,299067.582
"206",1666,8,1782,3,932,278423.93
"207",1667,8,2520,3,640,302897.228
"208",1668,9,1743,3,927,303272.047
"209",1669,9,1531,3,700,283347.065
"210",1670,9,1808,3,850,303300.486
"211",1671,7,1760,2,583,224551.126
"212",1672,9,2452,3,886,336718.706
"213",1673,8,2400,3,730,300681.488
"214",1674,8,1606,3,871,267168.924
"215",1675,6,1358,2,484,173527.604
"216",1676,6,1306,2,624,176756.728
"217",1677,7,1358,2,484,200516.458
"218",1678,10,2492,3,949,368303.594
"219",1679,8,2200,3,685,288900.378
"220",1680,9,1884,2,649,287413.434
"221",1681,9,1456,2,539,261633.61
"222",1682,8,1712,3,701,265372.402
"223",1683,7,1405,2,478,202597.521
"224",1684,7,1456,2,390,201475.68
"225",1685,6,1490,2,392,176255.264
"226",1686,7,1220,2,397,190066.798
"227",1687,7,1374,2,400,197825.474
"228",1688,7,1630,2,436,212009.37
"229",1689,7,1594,2,434,210141.786
"230",1690,7,1489,2,400,203526.369
"231",1691,7,1342,2,393,195948.792
"232",1692,8,2004,3,644,277483.472
"233",1693,7,1374,2,400,197825.474
"234",1694,6,1514,2,394,177527.972
"235",1695,7,1430,2,400,200601.562
"236",1696,7,2312,3,658,266343.794
"237",1697,7,1430,2,410,201016.342
"238",1698,8,2687,3,810,318227.179
"239",1699,8,2063,3,815,287501.017
"240",1700,7,2061,2,647,242127.191
"241",1701,8,2232,2,623,276597.556
"242",1702,8,1696,3,972,275819.772
"243",1703,8,1658,3,726,263732.41
"244",1704,8,1702,3,844,270808.026
"245",1705,8,1432,2,492,231505.538
"246",1706,9,2490,3,795,334827.982
"247",1707,7,1436,2,529,206249.662
"248",1708,7,1402,2,625,208546.068
"249",1709,9,1530,3,984,295077.244
"250",1710,8,1448,2,692,240594.306
"251",1711,8,1795,3,782,272846.679
"252",1712,8,1836,2,517,252569.98
"253",1713,7,1662,3,711,236319.678
"254",1714,7,1553,2,588,214496.905
"255",1715,7,1653,2,628,221113.325
"256",1716,7,1218,2,576,197392.214
"257",1717,7,1141,2,484,189759.117
"258",1718,6,1158,0,0,120902.608
"259",1719,7,1812,2,478,222773.732
"260",1720,8,1512,3,845,261430.634
"261",1721,7,1114,2,576,192236.622
"262",1722,5,1114,0,0,91732.542
"263",1723,5,1114,2,576,138258.914
"264",1724,7,1450,3,788,229004.008
"265",1725,7,2122,2,559,241501.08
"266",1726,6,1730,2,528,193793.792
"267",1727,6,1332,2,542,174644.43
"268",1728,7,1540,2,495,209995.002
"269",1729,6,1400,2,465,174821.588
"270",1730,6,1882,2,612,204813.04
"271",1731,5,980,2,400,124316.004
"272",1732,5,864,2,732,132336.232
"273",1733,5,864,1,440,108907.134
"274",1734,5,1020,1,288,110335.866
"275",1735,5,912,1,300,105479.718
"276",1736,5,912,1,252,103488.774
"277",1737,8,2014,3,864,287104.362
"278",1738,7,1755,2,524,221856.059
"279",1739,7,3005,3,704,302605.871
"280",1740,6,1726,2,561,194964.274
"281",1741,6,1256,2,641,174983.204
"282",1742,6,1512,2,440,179336.814
"283",1743,7,1452,2,506,206088.836
"284",1744,8,1694,2,642,250715.364
"285",1745,7,1740,2,540,221776.112
"286",1746,8,2499,2,527,285851.659
"287",1747,7,2067,2,784,248107.115
"288",1748,6,2640,2,515,238366.008
"289",1749,5,1336,2,502,146194.748
"290",1750,6,1216,1,336,149031.972
"291",1751,7,2288,2,520,248112.556
"292",1752,5,864,1,312,103597.95
"293",1753,5,1568,2,440,155124.048
"294",1754,7,2061,2,498,235946.969
"295",1755,6,1320,2,495,172100.088
"296",1756,4,894,2,396,92897.96
"297",1757,5,864,1,308,103432.038
"298",1758,4,1362,3,768,142845.462
"299",1759,5,1728,2,576,168696.736
"300",1760,5,1313,2,610,149534.193
"301",1761,5,1292,2,520,144760.14
"302",1762,5,2140,2,549,188000.906
"303",1763,6,1576,2,368,179523.07
"304",1764,5,960,1,330,109103.562
"305",1765,6,1691,2,550,192772.961
"306",1766,6,1453,2,530,180145.027
"307",1767,6,1567,2,542,186294.085
"308",1768,5,1144,1,286,116399.962
"309",1769,7,1329,2,441,197295.287
"310",1770,6,988,1,297,136111.686
"311",1771,5,1202,1,304,120021.8
"312",1772,5,1382,1,350,130852.928
"313",1773,4,1200,1,294,92519.02
"314",1774,5,1866,2,495,172178.092
"315",1775,6,1062,1,297,139780.088
"316",1776,5,1112,2,480,134177.88
"317",1777,5,793,1,240,97091.851
"318",1778,5,1031,1,230,108475.445
"319",1779,5,1210,1,616,133359.52
"320",1780,7,1527,2,410,205824.923
"321",1781,5,1200,1,246,117516.93
"322",1782,3,792,1,366,48290.798
"323",1783,5,1352,2,720,156030.12
"324",1784,4,1039,1,281,83998.553
"325",1785,5,1078,1,264,112215.628
"326",1786,4,2377,2,528,171889.815
"327",1787,7,1690,2,624,222781.614
"328",1788,2,599,0,0,14764.115
"329",1789,5,846,2,576,124973.35
"330",1790,3,725,1,320,43061.419
"331",1791,6,2544,3,907,261183.898
"332",1792,6,1380,1,364,158323.328
"333",1793,6,1040,2,480,157597.478
"334",1794,6,951,2,480,153185.481
"335",1795,6,1105,1,308,142367.985
"336",1796,6,1142,1,384,147354.514
"337",1797,6,1133,2,900,179628.527
"338",1798,5,1041,1,294,111625.767
"339",1799,5,732,1,240,94067.898
"340",1800,5,1183,1,288,118416.265
"341",1801,4,1461,1,384,109190.593
"342",1802,6,1495,2,576,184135.081
"343",1803,6,1806,2,483,195694.83
"344",1804,5,941,2,564,129185.049
"345",1805,6,1045,1,264,137568.573
"346",1806,6,1378,1,162,149845.626
"347",1807,6,1944,2,324,195940.902
"348",1808,5,1306,2,472,143463.218
"349",1809,5,1464,0,0,109083.092
"350",1810,5,1558,2,400,152969.198
"351",1811,4,1701,0,0,93843.039
"352",1812,5,1447,0,0,108240.351
"353",1813,5,1328,1,308,126433.91
"354",1814,4,861,2,288,86782.427
"355",1815,2,612,1,308,9973.08
"356",1816,5,792,1,287,98991.744
"357",1817,4,1510,2,720,136873.8
"358",1818,6,2007,1,357,189115.253
"359",1819,6,1288,1,280,150278.46
"360",1820,4,816,0,0,49970.934
"361",1821,6,1480,1,207,156768.582
"362",1822,6,1521,3,640,199396.093
"363",1823,3,797,0,0,22040.193
"364",1824,6,1432,1,216,154762.38
"365",1825,5,1654,1,336,143756.092
"366",1826,5,1142,1,320,117711.068
"367",1827,5,995,1,264,108101.069
"368",1828,5,1582,1,250,136619.728
"369",1829,5,1072,5,1184,195348.038
"370",1830,6,1768,2,576,197668.51
"371",1831,7,1944,1,216,207132.61
"372",1832,5,2128,0,0,141999.564
"373",1833,6,1930,1,316,183597.534
"374",1834,6,1427,1,379,161275.429
"375",1835,7,1864,0,0,182890
"376",1836,6,1666,1,384,173330.766
"377",1837,4,892,0,0,53738.482
"378",1838,6,1403,1,308,157140.739
"379",1839,4,704,1,220,64861.44
"380",1840,5,1200,0,0,95995.82
"381",1841,5,1152,1,252,115386.294
"382",1842,5,1112,1,226,112324.946
"383",1843,5,1052,1,668,127683.842
"384",1844,6,1034,2,504,158295.512
"385",1845,5,1774,1,384,151695.796
"386",1846,6,1138,2,480,162455.632
"387",1847,5,2071,1,336,164428.033
"388",1848,2,660,0,0,11740.162
"389",1849,4,1383,2,498,121369.913
"390",1850,5,1073,1,340,115120.091
"391",1851,6,1639,1,240,166019.463
"392",1852,5,1089,1,252,112263.195
"393",1853,5,1049,1,266,110860.967
"394",1854,7,1061,2,462,184880.761
"395",1855,6,1338,2,576,176352.12
"396",1856,7,1879,2,473,225887.733
"397",1857,5,2016,2,576,182973.76
"398",1858,5,2228,2,720,199456.068
"399",1859,5,1535,2,400,151829.019
"400",1860,5,1229,2,672,147941.697
"401",1861,5,1513,2,400,150738.413
"402",1862,7,2787,4,820,307927.927
"403",1863,7,2787,4,820,307927.927
"404",1864,7,2787,4,820,307927.927
"405",1865,9,1680,3,1138,308900.806
"406",1866,9,1720,3,846,298772.15
"407",1867,8,1468,3,904,261696.624
"408",1868,8,1838,2,524,252959.472
"409",1869,7,1290,2,662,204528.578
"410",1870,8,1254,3,810,247189.07
"411",1871,8,1498,3,844,260695.134
"412",1872,6,1422,2,440,174875.244
"413",1873,7,1759,2,525,222095.829
"414",1874,5,990,1,440,115153.332
"415",1875,7,1463,2,539,208002.913
"416",1876,6,1772,2,492,194382.65
"417",1877,7,1444,2,577,208637.19
"418",1878,7,1492,2,608,212302.512
"419",1879,5,907,1,343,107015.407
"420",1880,5,914,2,444,122869.218
"421",1881,7,1611,3,1231,255360.015
"422",1882,8,2184,2,570,272019.718
"423",1883,7,1725,2,550,221447.297
"424",1884,7,1870,2,608,231041.106
"425",1885,8,1513,2,521,236723.813
"426",1886,8,1828,2,523,252422.264
"427",1887,7,1417,2,511,204561.171
"428",1888,8,1602,3,810,264440.474
"429",1889,6,1396,2,440,173586.346
"430",1890,4,1149,1,544,100360.297
"431",1891,6,1072,2,525,161050.324
"432",1892,4,876,1,320,77535.796
"433",1893,5,1368,1,195,123729.816
"434",1894,5,1678,0,0,119691.714
"435",1895,5,1560,1,313,138142.236
"436",1896,5,1298,1,256,122789.864
"437",1897,5,1268,1,250,121053.806
"438",1898,6,1242,1,180,143850.302
"439",1899,6,1232,2,440,165456.374
"440",1900,7,1228,1,215,171596.864
"441",1901,5,1567,2,440,155074.475
"442",1902,5,1273,1,307,123665.917
"443",1903,7,2480,2,400,252653.212
"444",1904,5,1112,1,390,119127.338
"445",1905,6,1561,2,463,182719.885
"446",1906,5,1523,1,295,135561.431
"447",1907,6,1906,2,576,204509.584
"448",1908,6,1032,2,452,156039.51
"449",1909,6,1229,2,462,166220.171
"450",1910,6,1229,2,462,166220.171
"451",1911,6,1982,2,501,205166.282
"452",1912,7,2365,2,551,253215.495
"453",1913,5,2168,2,576,190508.856
"454",1914,4,572,1,200,57488.244
"455",1915,8,1648,2,482,241798.526
"456",1916,2,810,1,280,18627.15
"457",1917,8,2052,3,642,279780.02
"458",1918,6,926,1,351,135277.972
"459",1919,6,1287,2,541,172372.167
"460",1920,5,1595,2,672,166085.415
"461",1921,9,2036,3,780,311699.67
"462",1922,9,1641,3,885,296473.525
"463",1923,6,2237,2,440,215277.239
"464",1924,7,1479,2,578,210413.723
"465",1925,7,2014,2,486,233119.302
"466",1926,9,1978,3,920,314631.356
"467",1927,5,1008,1,384,113722.878
"468",1928,5,1404,2,504,149648.668
"469",1929,5,796,1,336,101222.458
"470",1930,6,1091,1,429,146692.801
"471",1931,5,883,2,698,131867.867
"472",1932,5,1287,2,440,141194.035
"473",1933,5,1632,2,898,177293.644
"474",1934,6,1604,2,470,185141.87
"475",1935,6,1470,2,420,176425.188
"476",1936,6,1604,2,472,185224.826
"477",1937,6,1636,2,386,183244.054
"478",1938,5,1384,2,404,144509.408
"479",1939,8,1682,2,528,245391.996
"480",1940,8,1280,2,506,224551.134
"481",1941,6,1633,2,460,186164.707
"482",1942,6,1709,2,416,188107.223
"483",1943,8,1337,2,462,225551.763
"484",1944,8,2500,3,683,303689.322
"485",1945,9,1884,3,670,299601.994
"486",1946,6,1474,2,495,179734.33
"487",1947,9,1710,2,557,274971.756
"488",1948,6,1488,2,738,190507.506
"489",1949,7,1688,2,528,218700.58
"490",1950,7,1260,2,598,200386.796
"491",1951,7,2064,2,550,238252.544
"492",1952,7,1782,2,551,224314.436
"493",1953,6,1211,2,461,165286.379
"494",1954,7,2044,2,489,234730.926
"495",1955,5,1308,2,484,144060.1
"496",1956,7,2840,4,1314,331045.428
"497",1957,6,1444,2,473,177334.624
"498",1958,8,2340,3,787,300071.354
"499",1959,5,1792,2,480,167887.52
"500",1960,4,936,1,288,79182.88
"501",1961,5,864,2,576,125865.664
"502",1962,6,987,1,264,134693.339
"503",1963,6,987,1,352,138343.403
"504",1964,5,1302,1,264,123319.98
"505",1965,6,1456,2,460,177390.286
"506",1966,7,1055,2,440,183670.807
"507",1967,8,1582,3,905,267389.424
"508",1968,8,2464,3,650,300535.92
"509",1969,9,1950,3,706,304367.02
"510",1970,9,2748,3,850,349899.106
"511",1971,10,2790,4,1150,402730.948
"512",1972,9,2331,3,1003,335573.299
"513",1973,8,2088,3,656,282145.34
"514",1974,8,2332,3,756,298388.952
"515",1975,10,2470,3,789,360576.508
"516",1976,8,1575,3,732,259866.719
"517",1977,8,2649,3,746,313688.813
"518",1978,8,2690,3,795,317753.728
"519",1979,9,1866,3,870,307005.28
"520",1980,7,1367,2,484,200962.615
"521",1981,9,1800,3,944,306802.834
"522",1982,8,1342,2,550,229449.692
"523",1983,8,1342,2,550,229449.692
"524",1984,7,1626,2,474,213387.242
"525",1985,7,1455,3,644,223279.041
"526",1986,7,1576,3,668,230272.846
"527",1987,7,1246,2,428,192641.514
"528",1988,6,1515,2,393,177536.067
"529",1989,7,1720,2,400,214977.732
"530",1990,7,1986,2,434,229574.402
"531",1991,7,1358,2,484,200516.458
"532",1992,7,1892,2,431,224790.106
"533",1993,7,1414,2,403,199932.828
"534",1994,7,2322,2,400,244820.678
"535",1995,7,1651,2,450,213631.095
"536",1996,8,2199,2,516,270523.501
"537",1997,9,2172,3,687,314584.144
"538",1998,8,2006,3,938,289777.15
"539",1999,7,2125,2,576,242354.925
"540",2000,8,2501,3,751,306559.399
"541",2001,7,2197,3,783,265827.649
"542",2002,7,1578,3,642,229293.564
"543",2003,8,1861,3,851,278980.479
"544",2004,8,1874,3,880,280827.79
"545",2005,8,1460,2,480,232395.846
"546",2006,8,1372,2,588,232513.046
"547",2007,8,1660,3,660,261094.008
"548",2008,7,1218,2,462,192663.722
"549",2009,6,1696,2,542,192689.002
"550",2010,7,1663,2,478,215387.355
"551",2011,6,1175,0,0,121745.349
"552",2012,7,1162,2,483,190758.672
"553",2013,6,1609,2,525,187671.025
"554",2014,6,1680,2,474,189075.33
"555",2015,7,1657,2,483,215297.307
"556",2016,6,1677,2,627,195272.745
"557",2017,7,1737,2,506,220217.141
"558",2018,5,984,1,384,112533.126
"559",2019,5,864,1,420,108077.574
"560",2020,5,890,1,308,104720.936
"561",2021,5,864,1,276,102104.742
"562",2022,6,1430,2,484,177096.86
"563",2023,5,1641,2,490,160816.777
"564",2024,6,2683,2,473,238755.571
"565",2025,9,2786,2,636,331589.066
"566",2026,7,1245,2,495,195370.967
"567",2027,6,1200,2,480,165529.158
"568",2028,7,1392,2,540,204524.708
"569",2029,6,1549,2,440,181171.015
"570",2030,9,1638,2,495,268830.864
"571",2031,9,1310,2,545,254644.82
"572",2032,9,1419,2,588,261831.831
"573",2033,9,1557,2,484,264359.193
"574",2034,7,1404,2,462,201884.3
"575",2035,7,1789,2,546,224454.057
"576",2036,8,1586,2,480,238642.044
"577",2037,8,1607,2,480,239683.077
"578",2038,10,2393,2,846,347806.111
"579",2039,8,1239,2,477,221315.779
"580",2040,9,2944,3,864,360196.106
"581",2041,8,1671,2,550,245759.209
"582",2042,7,1812,2,469,222400.43
"583",2043,6,1427,2,516,178275.437
"584",2044,6,1740,2,512,193625.874
"585",2045,7,1620,2,578,217403.516
"586",2046,5,1625,2,484,159774.741
"587",2047,5,1464,2,470,151212.796
"588",2048,5,925,2,576,128889.617
"589",2049,5,1728,2,576,168696.736
"590",2050,7,1670,2,464,215153.674
"591",2051,5,1014,1,267,109167.39
"592",2052,5,1114,2,451,133074.164
"593",2053,5,1118,1,264,114198.548
"594",2054,4,906,1,231,75331.444
"595",2055,5,1496,2,450,151969.572
"596",2056,5,1337,1,264,125055.035
"597",2057,5,1036,1,312,112124.506
"598",2058,6,1988,2,480,204592.682
"599",2059,5,1176,1,292,118235.166
"600",2060,5,1440,1,480,139120.302
"601",2061,6,1570,2,441,182253.526
"602",2062,5,1104,1,384,118481.886
"603",2063,5,882,1,240,101503.848
"604",2064,5,1152,2,636,142631.368
"605",2065,5,950,2,400,122828.814
"606",2066,6,1790,2,540,197265.908
"607",2067,5,1764,1,301,147757.392
"608",2068,5,1824,2,484,169639.768
"609",2069,4,869,1,390,80092.245
"610",2070,5,1159,1,288,117226.513
"611",2071,4,672,1,308,66925.168
"612",2072,5,1436,4,1488,214684.4
"613",2073,5,1044,2,372,126327.292
"614",2074,7,1312,2,495,198692.358
"615",2075,6,1081,1,401,145035.687
"616",2076,5,876,2,576,126460.54
"617",2077,5,1256,1,311,122989.088
"618",2078,5,1027,1,299,111139.135
"619",2079,6,1320,2,576,175459.806
"620",2080,6,984,1,280,135208.268
"621",2081,6,1278,1,240,148123.61
"622",2082,5,1800,0,0,125739.62
"623",2083,5,1588,2,480,157774.628
"624",2084,5,825,1,350,103240.767
"625",2085,5,1117,1,264,114148.975
"626",2086,6,1133,1,308,143756.029
"627",2087,5,1323,2,400,141319.543
"628",2088,5,1360,1,330,128932.762
"629",2089,5,672,1,256,91757.166
"630",2090,6,1456,1,308,159768.108
"631",2091,4,1594,0,0,88538.728
"632",2092,4,1656,2,440,132497.618
"633",2093,5,1740,1,225,143415.312
"634",2094,7,1027,0,0,141397.399
"635",2095,6,1436,2,828,191662.73
"636",2096,5,899,1,200,100687.469
"637",2097,5,1080,0,0,90047.06
"638",2098,5,1499,3,869,180815.095
"639",2099,2,407,1,297,645.643000000004
"640",2100,3,1588,0,0,61252.436
"641",2101,5,1627,2,420,157219.295
"642",2102,7,1450,1,288,185629.964
"643",2103,5,1017,1,308,111016.707
"644",2104,5,2350,2,393,191940.668
"645",2105,5,1540,0,0,112850.64
"646",2106,2,1086,2,400,48604.18
"647",2107,7,2495,2,342,250991.083
"648",2108,5,984,1,308,109380.798
"649",2109,4,1093,1,308,87795.401
"650",2110,5,1143,1,288,116433.345
"651",2111,7,1668,1,252,194943.67
"652",2112,5,1738,1,240,143938.336
"653",2113,5,1210,1,240,117763.792
"654",2114,6,1290,1,200,147059.366
"655",2115,6,1672,1,240,167655.372
"656",2116,5,949,2,370,121534.901
"657",2117,6,1497,1,672,176898.593
"658",2118,6,1342,1,240,151296.282
"659",2119,6,1013,1,160,131668.525
"660",2120,5,1216,1,355,122831.2
"661",2121,4,896,1,280,76868.136
"662",2122,4,1136,1,336,91088.424
"663",2123,5,808,1,164,94683.118
"664",2124,7,2009,2,400,229304.329
"665",2125,5,1902,2,576,177322.438
"666",2126,6,1716,2,672,199072.602
"667",2127,6,1984,1,360,188099.508
"668",2128,6,1609,1,228,164034.537
"669",2129,6,768,2,440,142454.502
"670",2130,6,1536,1,308,163733.948
"671",2131,6,1969,2,400,200332.555
"672",2132,5,1308,2,400,140575.948
"673",2133,6,1040,2,320,150960.998
"674",2134,6,1236,1,384,152014.376
"675",2135,5,759,2,576,120660.499
"676",2136,3,1344,0,0,49156.624
"677",2137,5,1054,1,240,110030.404
"678",2138,5,1075,2,440,130684.559
"679",2139,6,1096,2,484,160539.478
"680",2140,5,992,1,294,109196.69
"681",2141,6,1034,2,504,158295.512
"682",2142,5,1073,1,270,112216.631
"683",2143,5,1126,2,506,135950.33
"684",2144,5,1140,2,400,132247.684
"685",2145,5,960,1,300,107859.222
"686",2146,6,1188,2,621,170782.68
"687",2147,5,1721,2,626,170423.625
"688",2148,5,1350,3,627,163391.042
"689",2149,5,904,3,912,153102.714
"690",2150,7,1524,2,478,208496.708
"691",2151,7,1079,1,249,165620.739
"692",2152,5,1518,0,0,111760.034
"693",2153,5,1509,1,322,135987.315
"694",2154,5,864,0,0,79339.292
"695",2155,6,1269,1,280,149336.573
"696",2156,6,2814,2,614,251098.032
"697",2157,7,1626,2,534,215875.922
"698",2158,7,2200,2,453,240971.106
"699",2159,7,2037,2,472,233678.789
"700",2160,7,1356,2,484,200417.312
"701",2161,8,1615,3,864,267324.735
"702",2162,9,2276,3,1348,347156.694
"703",2163,9,1766,3,874,302213.892
"704",2164,8,1511,3,811,259970.809
"705",2165,6,1643,2,438,185747.921
"706",2166,5,990,2,528,130120.918
"707",2167,7,1418,2,558,206560.21
"708",2168,6,1771,2,600,198812.701
"709",2169,7,1652,2,532,217081.864
"710",2170,7,1823,2,626,229457.779
"711",2171,5,1174,2,528,139242.35
"712",2172,5,1076,2,576,136375.14
"713",2173,5,1558,2,440,154628.318
"714",2174,7,2161,2,570,243890.685
"715",2175,9,1947,3,725,305006.383
"716",2176,8,1786,3,715,269621.496
"717",2177,7,2327,2,596,253198.231
"718",2178,8,1764,2,560,250784.278
"719",2179,6,848,2,420,145590.782
"720",2180,6,1838,3,721,218470.452
"721",2181,7,1445,2,470,204248.617
"722",2182,7,1564,3,814,235733.758
"723",2183,7,1361,2,610,205891.405
"724",2184,5,1092,1,264,112909.65
"725",2185,5,1033,2,504,131257.085
"726",2186,6,1127,2,480,161910.329
"727",2187,6,1117,2,542,163986.235
"728",2188,6,1398,2,440,173685.492
"729",2189,5,3820,2,624,274394.396
"730",2190,4,1152,0,0,66627.462
"731",2191,4,1152,0,0,66627.462
"732",2192,4,784,0,0,48384.598
"733",2193,5,1053,0,0,88708.589
"734",2194,5,1137,0,0,92872.721
"735",2195,4,930,1,286,78802.486
"736",2196,4,1204,1,312,93463.916
"737",2197,4,1292,1,205,93388.194
"738",2198,7,1424,1,312,185336.538
"739",2199,6,1920,2,480,201221.718
"740",2200,6,1316,1,369,155358.046
"741",2201,6,1264,2,400,165383.59
"742",2202,8,1512,1,180,211212.72
"743",2203,6,1603,2,599,190442.959
"744",2204,5,1938,1,240,153852.936
"745",2205,5,1374,1,225,125271.594
"746",2206,6,1091,1,344,143167.171
"747",2207,8,1873,2,786,265561.763
"748",2208,7,2161,2,506,241236.093
"749",2209,5,1898,2,484,173308.17
"750",2210,6,1032,2,462,156454.29
"751",2211,6,919,1,195,128460.393
"752",2212,6,1090,1,240,138803.886
"753",2213,5,1200,0,0,95995.82
"754",2214,5,1656,1,288,141864.294
"755",2215,5,912,1,360,107968.398
"756",2216,5,1955,1,356,159507.125
"757",2217,1,733,2,487,7724.643
"758",2218,4,1361,1,185,95979.171
"759",2219,4,1049,1,195,80927.175
"760",2220,4,864,1,216,72627.208
"761",2221,8,1648,2,525,243582.08
"762",2222,7,1646,2,482,214710.526
"763",2223,7,2032,3,786,257772.538
"764",2224,7,1820,3,816,248507.402
"765",2225,5,1872,2,484,172019.272
"766",2226,4,1689,2,432,133801.703
"767",2227,7,1501,2,512,208766.781
"768",2228,8,1537,3,788,260305.713
"769",2229,8,1780,2,612,253734.302
"770",2230,5,1442,2,400,147218.73
"771",2231,7,1612,3,666,231974.518
"772",2232,6,1495,2,438,178411.117
"773",2233,6,1256,2,578,172370.09
"774",2234,8,1440,2,467,230865.172
"775",2235,6,1675,2,435,187209.823
"776",2236,8,1728,2,520,247340.53
"777",2237,8,1964,3,892,285787.096
"778",2238,7,1344,4,784,234900.88
"779",2239,5,1092,0,0,90641.936
"780",2240,6,1189,2,392,161333.791
"781",2241,4,1200,3,850,138215.832
"782",2242,5,1040,2,499,131396.706
"783",2243,5,1475,1,336,134882.525
"784",2244,4,988,1,297,82133.978
"785",2245,4,988,1,297,82133.978
"786",2246,5,1160,1,257,115990.268
"787",2247,6,1092,0,0,117630.79
"788",2248,5,816,1,264,99227.502
"789",2249,5,845,1,264,100665.119
"790",2250,5,889,2,484,123289.013
"791",2251,5,1836,1,288,150787.434
"792",2252,6,1587,2,525,186580.419
"793",2253,6,1384,2,390,170917.57
"794",2254,6,1694,2,398,186617.024
"795",2255,6,1714,2,451,189806.818
"796",2256,7,1553,2,420,207528.601
"797",2257,6,2299,2,482,220092.841
"798",2258,7,1187,2,420,189384.883
"799",2259,6,1642,2,392,183790.36
"800",2260,6,1128,2,480,161959.902
"801",2261,8,1179,2,480,218465.833
"802",2262,8,1321,2,484,225671.111
"803",2263,8,2541,3,729,307629.803
"804",2264,9,2338,3,1110,340358.456
"805",2265,5,1424,3,828,175396.522
"806",2266,9,1612,2,556,270072.124
"807",2267,8,2234,2,724,280885.98
"808",2268,10,2042,3,724,336663.194
"809",2269,6,1284,2,480,169693.29
"810",2270,7,1479,2,484,206514.791
"811",2271,7,1664,2,663,223110.358
"812",2272,7,1930,2,481,228747.78
"813",2273,6,1177,2,495,165011.149
"814",2274,6,1353,2,478,173030.871
"815",2275,6,1220,2,944,185766.41
"816",2276,7,1324,2,585,203020.254
"817",2277,6,1877,2,488,199421.903
"818",2278,5,1422,2,576,153527.398
"819",2279,5,914,1,368,108399.368
"820",2280,4,914,1,270,77345.67
"821",2281,6,1337,2,511,173606.477
"822",2282,6,1337,2,522,174062.735
"823",2283,6,1092,1,264,139898.504
"824",2284,6,1218,1,264,146144.702
"825",2285,7,1055,1,319,167334.447
"826",2286,5,988,1,360,111735.946
"827",2287,9,1816,3,730,298719.71
"828",2288,8,1694,3,856,270909.178
"829",2289,8,2122,3,938,295527.618
"830",2290,9,2656,3,1040,353219.21
"831",2291,8,2550,3,670,305628.758
"832",2292,10,2046,3,878,343249.098
"833",2293,9,2552,3,932,343583.994
"834",2294,9,2758,3,814,348901.628
"835",2295,10,2290,3,1174,367622.398
"836",2296,8,2152,2,728,276986.906
"837",2297,8,2100,3,786,288132.356
"838",2298,9,1802,3,843,302712.702
"839",2299,8,2956,3,916,335958.984
"840",2300,8,2385,3,818,303587.957
"841",2301,8,1818,3,774,273655.034
"842",2302,7,1614,3,878,240867
"843",2303,8,1721,2,554,248403.771
"844",2304,8,1828,3,876,278381.52
"845",2305,6,1302,2,631,176848.782
"846",2306,6,1302,2,631,176848.782
"847",2307,6,1362,2,460,172730.424
"848",2308,8,1554,2,627,243152.974
"849",2309,9,1577,2,564,268668.893
"850",2310,8,1324,2,550,228557.378
"851",2311,7,1405,2,478,202597.521
"852",2312,6,1496,2,572,184018.742
"853",2313,6,1536,2,400,178867.446
"854",2314,7,1458,2,454,204229.418
"855",2315,6,1495,2,440,178494.073
"856",2316,6,1746,3,350,198521.398
"857",2317,6,1326,2,388,167959.38
"858",2318,6,1504,2,440,178940.23
"859",2319,7,1456,2,400,201890.46
"860",2320,7,1258,2,462,194646.642
"861",2321,8,1589,3,630,256329.985
"862",2322,7,1266,2,388,191973.854
"863",2323,7,1119,2,437,186719.045
"864",2324,7,1374,2,400,197825.474
"865",2325,7,1525,2,534,210869.049
"866",2326,7,1394,2,400,198816.934
"867",2327,7,1948,2,434,227690.628
"868",2328,7,1995,2,435,230062.037
"869",2329,6,1690,2,442,188243.764
"870",2330,6,1644,2,460,186710.01
"871",2331,8,2551,3,925,316255.221
"872",2332,9,3078,3,806,364433.164
"873",2333,8,2582,3,758,310865.158
"874",2334,7,2385,3,600,267556.899
"875",2335,8,2202,2,517,270713.698
"876",2336,8,2538,3,933,315942.596
"877",2337,7,1369,2,605,206080.599
"878",2338,8,1542,3,852,263208.17
"879",2339,8,1534,2,484,236230.16
"880",2340,10,1966,3,1092,348159.55
"881",2341,7,1528,2,480,208777.956
"882",2342,8,1538,2,484,236428.452
"883",2343,7,1506,2,672,215651.126
"884",2344,7,1977,3,574,246252.687
"885",2345,8,1830,3,859,277775.54
"886",2346,8,1338,2,598,231242.344
"887",2347,7,1335,2,575,203150.777
"888",2348,8,1792,2,590,253416.662
"889",2349,5,1588,2,561,161134.346
"890",2350,8,1880,3,880,281125.228
"891",2351,8,1584,2,594,243271.39
"892",2352,8,1685,3,658,262250.377
"893",2353,6,2443,3,744,249416.111
"894",2354,6,1100,0,0,118027.374
"895",2355,7,1143,0,0,147147.867
"896",2356,5,1094,2,576,137267.454
"897",2357,7,1486,2,566,210262.998
"898",2358,6,1820,2,492,196762.154
"899",2359,6,1266,1,283,149312.288
"900",2360,5,894,1,308,104919.228
"901",2361,5,1040,2,686,139153.092
"902",2362,7,2503,2,564,260595.783
"903",2363,5,1037,2,431,128427.483
"904",2364,6,1055,2,542,160912.709
"905",2365,8,1378,2,540,230819.54
"906",2366,8,1151,2,484,217243.701
"907",2367,8,1565,2,476,237435.099
"908",2368,7,1352,2,466,199472.416
"909",2369,8,1550,2,528,238848.36
"910",2370,6,1501,2,440,178791.511
"911",2371,6,1573,2,440,182360.767
"912",2372,7,1358,2,625,206364.856
"913",2373,8,2048,2,552,264531.186
"914",2374,8,2362,2,1105,303034.442
"915",2375,8,1494,2,478,233998.372
"916",2376,7,2362,2,546,252859.386
"917",2377,8,2497,2,676,291932.735
"918",2378,6,1152,2,412,160329.15
"919",2379,6,2411,2,570,229295.081
"920",2380,6,1082,2,480,159679.544
"921",2381,6,1295,2,528,172229.537
"922",2382,7,1610,2,515,214294.672
"923",2383,7,1594,2,472,211717.95
"924",2384,7,2075,2,473,235604.041
"925",2385,6,1093,2,484,160390.759
"926",2386,6,1052,1,311,139865.05
"927",2387,5,1107,1,308,115478.277
"928",2388,4,1224,3,530,126132.624
"929",2389,5,1074,2,396,128809.954
"930",2390,5,1187,2,440,136236.735
"931",2391,5,964,2,784,139450.388
"932",2392,5,894,1,312,105085.14
"933",2393,7,1200,2,440,190858.892
"934",2394,6,1042,2,440,156037.504
"935",2395,6,2154,2,539,215269.002
"936",2396,6,1374,1,286,154790.606
"937",2397,6,1652,2,510,189180.494
"938",2398,5,908,2,512,125392.284
"939",2399,3,666,0,0,15546.13
"940",2400,3,670,0,0,15744.422
"941",2401,5,808,1,308,100655.95
"942",2402,5,1150,1,288,116780.356
"943",2403,5,1560,3,792,180645.242
"944",2404,5,1280,2,432,140515.2
"945",2405,6,1254,2,525,170072.61
"946",2406,6,936,1,315,134280.494
"947",2407,5,1008,1,308,110570.55
"948",2408,5,1053,2,692,140046.409
"949",2409,5,1144,1,336,118473.862
"950",2410,6,1721,2,464,190693.043
"951",2411,5,922,1,308,106307.272
"952",2412,5,1411,1,310,130631.425
"953",2413,5,1216,1,336,122043.118
"954",2414,5,1154,1,336,118969.592
"955",2415,5,1560,2,484,156552.496
"956",2416,6,948,2,410,150133.302
"957",2417,6,1040,1,293,138523.57
"958",2418,5,925,1,252,104133.223
"959",2419,4,1540,1,352,111779.564
"960",2420,5,925,1,390,109857.187
"961",2421,4,1647,1,280,114097.459
"962",2422,5,924,1,420,111051.954
"963",2423,4,1544,0,0,86060.078
"964",2424,5,1728,1,371,148876.224
"965",2425,5,3086,3,1200,273216.664
"966",2426,4,1281,2,580,119714.663
"967",2427,5,1534,0,0,112553.202
"968",2428,7,1651,1,276,195096.401
"969",2429,5,888,1,240,101801.286
"970",2430,6,952,1,288,133953.756
"971",2431,5,1238,1,357,124004.762
"972",2432,5,1040,1,286,111244.37
"973",2433,5,1170,1,338,119845.716
"974",2434,5,1242,1,324,122834.28
"975",2435,5,1377,1,351,130646.541
"976",2436,5,925,1,300,106124.167
"977",2437,5,864,1,294,102851.346
"978",2438,5,936,1,288,106171.734
"979",2439,5,960,2,576,130624.672
"980",2440,6,1296,2,576,174270.054
"981",2441,5,1022,1,184,106121.3
"982",2442,5,967,1,180,103228.873
"983",2443,5,1072,2,379,128005.682
"984",2444,5,1174,2,576,141233.294
"985",2445,4,1141,1,252,87852.137
"986",2446,4,1798,2,342,135472.14
"987",2447,8,1772,2,816,261799.23
"988",2448,6,1642,1,374,171726.234
"989",2449,5,1232,2,480,140126.64
"990",2450,6,1650,2,468,187339.272
"991",2451,5,1358,1,336,129082.484
"992",2452,7,2454,2,576,258664.442
"993",2453,4,968,1,331,82552.77
"994",2454,4,1382,1,384,105274.326
"995",2455,5,1060,1,308,113148.346
"996",2456,5,1435,1,308,131738.221
"997",2457,5,1274,1,224,120272.816
"998",2458,6,1232,1,217,144889.258
"999",2459,5,884,1,240,101602.994
"1000",2460,6,1409,2,528,177880.859
"1001",2461,5,1322,1,280,124975.088
"1002",2462,5,1426,1,230,128056.78
"1003",2463,5,1281,2,379,138366.439
"1004",2464,6,2264,1,408,203970.892
"1005",2465,6,1376,2,576,178235.894
"1006",2466,5,1316,2,576,148272.66
"1007",2467,7,1344,2,456,198661.052
"1008",2468,5,1173,1,240,115929.591
"1009",2469,5,1214,1,216,116966.612
"1010",2470,6,2294,2,658,227145.104
"1011",2471,7,1952,1,299,210971.868
"1012",2472,6,2180,2,720,224065.418
"1013",2473,4,1315,2,436,115427.313
"1014",2474,4,1484,1,264,105353.412
"1015",2475,7,2267,2,498,246159.007
"1016",2476,5,1282,1,240,121333.048
"1017",2477,5,999,1,308,110124.393
"1018",2478,5,1452,2,572,154848.676
"1019",2479,4,1005,2,440,100225.595
"1020",2480,5,1020,2,528,131608.108
"1021",2481,5,1040,1,264,110331.854
"1022",2482,5,868,2,576,126063.956
"1023",2483,5,897,1,264,103242.915
"1024",2484,5,943,2,528,127790.987
"1025",2485,5,912,1,315,106101.888
"1026",2486,5,1375,1,323,129386.011
"1027",2487,5,2654,2,638,217172.97
"1028",2488,7,1302,1,224,175638.568
"1029",2489,6,1299,2,494,171017.577
"1030",2490,5,1176,1,303,118691.424
"1031",2491,4,998,2,460,100708.144
"1032",2492,6,1522,2,552,184478.08
"1033",2493,5,1325,2,576,148718.817
"1034",2494,5,1630,2,649,166866.476
"1035",2495,4,1242,1,336,96343.162
"1036",2496,6,2422,2,527,228056.83
"1037",2497,6,1626,1,332,169190.99
"1038",2498,5,864,1,399,107206.536
"1039",2499,4,943,1,308,80359.451
"1040",2500,5,1038,1,264,110232.708
"1041",2501,5,1342,1,256,124971.076
"1042",2502,5,1480,1,253,131687.716
"1043",2503,4,1362,1,280,99969.154
"1044",2504,6,1822,2,515,197815.294
"1045",2505,7,1958,2,499,230882.428
"1046",2506,8,1651,3,870,269358.231
"1047",2507,8,2140,3,894,294594.9
"1048",2508,8,1651,3,870,269358.231
"1049",2509,7,1546,3,796,234094.84
"1050",2510,8,1500,2,674,242425.498
"1051",2511,7,1270,2,524,197813.154
"1052",2512,7,1795,2,578,226078.791
"1053",2513,7,1873,2,619,231646.083
"1054",2514,8,1743,2,529,248457.427
"1055",2515,5,1022,2,747,140790.936
"1056",2516,6,1308,2,497,171588.168
"1057",2517,5,990,1,384,112830.564
"1058",2518,5,1097,1,242,112244.999
"1059",2519,7,1873,2,597,230733.567
"1060",2520,7,1753,2,534,222171.693
"1061",2521,7,1690,2,517,218343.468
"1062",2522,7,1842,2,486,224592.746
"1063",2523,5,894,2,440,121711.846
"1064",2524,5,1025,2,370,125302.449
"1065",2525,5,1009,2,576,133053.749
"1066",2526,5,1040,2,748,141724.728
"1067",2527,5,907,1,308,105563.677
"1068",2528,5,879,2,440,120968.251
"1069",2529,5,864,2,576,125865.664
"1070",2530,4,875,2,728,105726.769
"1071",2531,7,1673,2,583,220238.275
"1072",2532,7,1932,2,610,234197.588
"1073",2533,7,1729,2,542,221313.765
"1074",2534,8,1592,2,484,239105.394
"1075",2535,8,2439,2,560,284246.053
"1076",2536,7,1992,2,608,237089.012
"1077",2537,8,1341,2,482,226579.615
"1078",2538,7,1476,2,552,209186.576
"1079",2539,7,1190,2,578,196087.126
"1080",2540,6,1330,2,437,170190.094
"1081",2541,7,1491,2,484,207109.667
"1082",2542,5,1536,2,400,151878.592
"1083",2543,5,936,1,384,110153.622
"1084",2544,4,1088,2,520,107658.394
"1085",2545,5,1351,2,576,150007.715
"1086",2546,6,1179,2,622,170378.001
"1087",2547,6,1044,2,528,159786.714
"1088",2548,5,2233,2,579,193855.535
"1089",2549,5,1408,2,489,149224.79
"1090",2550,10,5095,3,1154,505845.103
"1091",2551,6,1072,2,525,161050.324
"1092",2552,5,960,1,392,111675.198
"1093",2553,4,1152,0,0,66627.462
"1094",2554,5,1195,0,0,95747.955
"1095",2555,6,865,1,216,126654.489
"1096",2556,4,768,1,355,73633.642
"1097",2557,4,864,2,528,96885.866
"1098",2558,5,2592,0,0,165001.436
"1099",2559,5,1422,1,352,132918.804
"1100",2560,6,1298,1,240,149115.07
"1101",2561,7,1098,1,216,165193.852
"1102",2562,6,1436,1,228,155458.408
"1103",2563,6,1461,1,225,156573.299
"1104",2564,7,1718,2,264,209237.578
"1105",2565,5,1226,2,400,136510.962
"1106",2566,4,1755,1,231,117418.921
"1107",2567,5,1355,2,528,148215.063
"1108",2568,6,1560,2,580,187523.238
"1109",2569,6,1488,2,552,182792.598
"1110",2570,6,1045,2,462,157098.739
"1111",2571,4,1680,2,628,141485.234
"1112",2572,8,1020,2,509,211786.588
"1113",2573,7,1696,2,625,223120.53
"1114",2574,8,2726,2,691,303907.122
"1115",2575,6,1215,2,720,176227.473
"1116",2576,5,1601,0,0,115874.593
"1117",2577,5,1828,0,0,NA
"1118",2578,5,816,1,100,92425.11
"1119",2579,2,845,1,256,19366.733
"1120",2580,5,1991,0,0,135208.063
"1121",2581,4,1073,2,720,115210.399
"1122",2582,5,1001,1,216,106407.563
"1123",2583,8,1625,2,495,241197.561
"1124",2584,6,1299,2,486,170685.753
"1125",2585,5,1392,3,650,166427.102
"1126",2586,7,1409,2,576,206860.657
"1127",2587,7,1478,2,506,207377.734
"1128",2588,7,918,1,360,162243.544
"1129",2589,6,1026,2,528,158894.4
"1130",2590,7,1501,2,512,208766.781
"1131",2591,6,2279,2,461,218230.343
"1132",2592,7,1689,2,433,214809.743
"1133",2593,8,1564,2,502,238463.954
"1134",2594,7,1240,2,528,196491.876
"1135",2595,8,1312,2,471,224685.74
"1136",2596,8,1922,3,692,275409.43
"1137",2597,6,1491,2,571,183729.399
"1138",2598,7,2486,2,452,255107.506
"1139",2599,10,1824,3,932,334483.704
"1140",2600,3,2034,4,1041,171810.68
"1141",2601,6,936,2,460,151612.326
"1142",2602,4,1092,1,253,85464.538
"1143",2603,4,992,1,297,82332.27
"1144",2604,4,1092,0,0,63653.082
"1145",2605,4,1092,1,286,86833.312
"1146",2606,5,1008,2,678,137234.932
"1147",2607,6,1356,2,528,175253.49
"1148",2608,5,1676,2,672,170100.828
"1149",2609,5,1432,2,531,152156.618
"1150",2610,5,796,0,0,75968.328
"1151",2611,4,1608,1,444,118966.504
"1152",2612,5,1178,2,502,138362.214
"1153",2613,5,816,1,264,99227.502
"1154",2614,5,887,1,288,103742.657
"1155",2615,6,1293,2,452,168978.063
"1156",2616,6,1024,1,313,138559.962
"1157",2617,5,1797,3,963,199486.781
"1158",2618,6,1390,2,550,177851.488
"1159",2619,7,1851,2,506,225868.463
"1160",2620,6,1525,2,400,178322.143
"1161",2621,6,1671,2,423,186513.795
"1162",2622,6,1776,2,443,192548.52
"1163",2623,8,2064,2,527,264287.404
"1164",2624,7,2212,3,773,266156.464
"1165",2625,8,2687,2,618,298945.881
"1166",2626,6,1169,2,402,160757.111
"1167",2627,8,1204,2,461,218917.076
"1168",2628,9,2798,3,670,344911.716
"1169",2629,10,3390,3,758,404897.85
"1170",2630,9,2473,3,675,329007.881
"1171",2631,10,2698,3,736,369680.818
"1172",2632,9,2795,3,660,344348.217
"1173",2633,9,1714,2,517,273510.928
"1174",2634,9,2000,3,722,307509.318
"1175",2635,6,1102,2,582,164901.76
"1176",2636,7,1857,2,482,225170.429
"1177",2637,7,1083,2,596,191529.419
"1178",2638,7,2318,2,541,250470.784
"1179",2639,6,1875,2,485,199198.323
"1180",2640,6,1103,2,462,159973.973
"1181",2641,4,874,2,576,99372.54
"1182",2642,6,1419,2,543,178998.759
"1183",2643,6,1092,2,440,158516.154
"1184",2644,5,1365,2,440,145060.729
"1185",2645,6,1030,1,264,136824.978
"1186",2646,6,948,1,264,132759.992
"1187",2647,6,1092,1,264,139898.504
"1188",2648,6,1069,2,440,157375.975
"1189",2649,5,1387,1,300,129026.893
"1190",2650,7,1055,1,319,167334.447
"1191",2651,6,1456,2,460,177390.286
"1192",2652,9,2589,3,831,341228.917
"1193",2653,8,1618,3,880,268137.102
"1194",2654,7,1740,3,874,246947.286
"1195",2655,9,1868,3,1085,316022.196
"1196",2656,9,2206,3,670,315564.5
"1197",2657,9,2091,2,521,292365.861
"1198",2658,8,2253,2,575,275647.645
"1199",2659,8,2389,3,672,297730.461
"1200",2660,8,2358,3,784,300839.234
"1201",2661,9,1792,3,925,305618.168
"1202",2662,9,1780,3,816,300502.19
"1203",2663,8,1914,3,746,277252.658
"1204",2664,9,1565,2,556,267742.193
"1205",2665,9,1686,3,899,299285.002
"1206",2666,9,1666,2,575,273537.148
"1207",2667,6,1456,2,390,174486.826
"1208",2668,7,1492,2,440,205334.208
"1209",2669,6,1326,2,427,169577.022
"1210",2670,8,2373,3,632,295278.173
"1211",2671,7,1492,2,440,205334.208
"1212",2672,7,1364,2,437,198864.43
"1213",2673,7,1511,2,398,204534.019
"1214",2674,7,1548,2,388,205953.44
"1215",2675,7,1142,2,440,187983.658
"1216",2676,7,1598,2,433,210298.6
"1217",2677,6,1889,2,431,197652.533
"1218",2678,7,2322,3,617,265138.926
"1219",2679,8,1976,3,885,286091.626
"1220",2680,8,2234,3,768,294028.534
"1221",2681,9,2855,3,774,352051.089
"1222",2682,8,2726,3,725,316634.896
"1223",2683,9,3500,3,959,391699.104
"1224",2684,8,2494,3,803,308369.244
"1225",2685,8,2799,3,704,319382.687
"1226",2686,8,1964,2,760,268994.478
"1227",2687,8,1670,3,928,272705.842
"1228",2688,8,1504,2,510,235821.398
"1229",2689,8,1278,2,584,227687.272
"1230",2690,9,2640,3,792,342139.498
"1231",2691,6,1716,2,615,196708.356
"1232",2692,6,1142,0,0,120109.44
"1233",2693,7,1400,2,612,207907.708
"1234",2694,6,1131,0,0,119564.137
"1235",2695,7,1686,2,462,215863.886
"1236",2696,7,1585,2,449,210317.799
"1237",2697,6,1837,2,688,205734.583
"1238",2698,6,1731,2,462,191105.817
"1239",2699,6,1398,2,542,177916.248
"1240",2700,6,1217,2,484,166537.811
"1241",2701,6,1320,2,472,171146.094
"1242",2702,5,988,2,624,134003.66
"1243",2703,6,1654,2,528,190026.244
"1244",2704,5,1211,2,576,143067.495
"1245",2705,5,984,1,310,109463.754
"1246",2706,5,909,1,294,105082.131
"1247",2707,5,925,2,484,125073.641
"1248",2708,5,1024,1,308,111363.718
"1249",2709,5,912,0,0,81718.796
"1250",2710,5,941,1,288,106419.599
"1251",2711,7,2646,2,550,267104.03
"1252",2712,8,2826,3,888,328353.11
"1253",2713,7,1143,2,588,194171.975
"1254",2714,7,1223,2,480,193658.191
"1255",2715,6,1524,2,440,179931.69
"1256",2716,7,1080,2,496,187232.9
"1257",2717,7,1694,1,434,203781.564
"1258",2718,8,1568,2,564,241233.882
"1259",2719,5,1193,2,501,139064.331
"1260",2720,7,1334,2,477,199036.36
"1261",2721,5,1051,2,504,132149.399
"1262",2722,5,1770,2,530,168870.814
"1263",2723,6,976,2,504,155420.278
"1264",2724,5,898,1,326,105864.124
"1265",2725,5,1051,1,264,110877.157
"1266",2726,5,1141,1,568,127948.039
"1267",2727,6,1565,1,299,164798.263
"1268",2728,6,1488,2,430,177732.282
"1269",2729,5,1440,2,480,150437.824
"1270",2730,5,1248,1,286,121555.554
"1271",2731,6,816,1,240,125220.884
"1272",2732,5,1043,1,273,110853.875
"1273",2733,5,1433,2,441,148473.171
"1274",2734,5,1624,1,240,138287.014
"1275",2735,5,1216,1,280,119720.35
"1276",2736,5,1728,1,234,143193.738
"1277",2737,5,936,1,240,104180.79
"1278",2738,5,1584,2,506,158654.764
"1279",2739,6,1246,2,441,166191.874
"1280",2740,6,1008,2,430,153937.242
"1281",2741,5,1364,1,331,129172.532
"1282",2742,6,1336,2,488,172602.91
"1283",2743,5,1370,1,300,128184.152
"1284",2744,6,1124,1,353,145176.382
"1285",2745,6,1050,1,286,138728.954
"1286",2746,5,1008,1,280,109409.166
"1287",2747,6,1575,2,400,180800.793
"1288",2748,5,1145,2,684,144275.301
"1289",2749,5,1005,1,319,110878.089
"1290",2750,5,1056,1,300,112618.23
"1291",2751,5,884,1,270,102847.334
"1292",2752,7,2039,3,791,258326.939
"1293",2753,5,1384,2,896,164916.584
"1294",2754,5,2640,3,1008,243143.33
"1295",2755,6,1312,2,649,178091.116
"1296",2756,3,713,1,371,44581.921
"1297",2757,3,715,2,660,67985.731
"1298",2758,4,720,1,280,68143.288
"1299",2759,6,1595,2,528,187101.437
"1300",2760,4,1760,2,648,146280.634
"1301",2761,6,1146,1,294,143819.786
"1302",2762,6,1207,1,264,145599.399
"1303",2763,6,1773,2,418,191362.851
"1304",2764,7,1472,2,484,206167.78
"1305",2765,7,2448,2,441,252767.474
"1306",2766,4,1521,1,597,120999.787
"1307",2767,3,1040,2,400,73312.676
"1308",2768,5,1556,0,0,113643.808
"1309",2769,5,1150,1,288,116780.356
"1310",2770,7,1045,2,528,186825.141
"1311",2771,5,864,1,336,104593.422
"1312",2772,5,1025,0,0,87320.545
"1313",2773,5,2014,2,624,184865.558
"1314",2774,5,1668,1,240,140468.226
"1315",2775,4,1657,1,162,109698.785
"1316",2776,6,1416,2,400,172918.686
"1317",2777,7,1428,2,576,207802.544
"1318",2778,7,1004,1,200,159870.342
"1319",2779,4,1951,2,576,152762.661
"1320",2780,6,1032,1,280,137587.772
"1321",2781,5,844,1,216,98624.602
"1322",2782,4,864,1,528,85568.344
"1323",2783,3,1376,1,216,71019.73
"1324",2784,5,960,2,576,130624.672
"1325",2785,5,1566,2,450,155439.682
"1326",2786,3,492,1,200,26533.55
"1327",2787,6,1182,1,378,149088.566
"1328",2788,3,840,1,250,45858.854
"1329",2789,7,2104,2,432,235341.06
"1330",2790,5,1248,0,0,98375.324
"1331",2791,5,960,2,624,132615.616
"1332",2792,3,1020,0,0,33094.972
"1333",2793,6,1827,1,240,175339.187
"1334",2794,3,1162,1,258,62153.184
"1335",2795,5,1324,1,180,120926.434
"1336",2796,5,816,1,210,96987.69
"1337",2797,6,2486,2,576,233261.924
"1338",2798,4,1430,2,370,118390.66
"1339",2799,5,1330,1,390,129934.252
"1340",2800,5,819,0,0,77108.507
"1341",2801,6,984,1,308,136369.652
"1342",2802,5,1422,1,288,130264.212
"1343",2803,6,1921,2,576,205253.179
"1344",2804,5,1640,2,394,156785.316
"1345",2805,5,1032,1,260,109769.358
"1346",2806,5,879,1,180,98866.449
"1347",2807,7,1073,1,246,165198.867
"1348",2808,5,1064,2,528,133789.32
"1349",2809,6,934,1,336,135052.386
"1350",2810,5,1059,1,286,112186.257
"1351",2811,5,1458,2,512,152657.434
"1352",2812,6,1040,2,616,163238.486
"1353",2813,5,1967,2,580,180710.595
"1354",2814,5,1949,2,586,180067.149
"1355",2815,5,872,1,322,104409.314
"1356",2816,7,1830,2,521,225449.6
"1357",2817,5,1000,2,575,132566.114
"1358",2818,5,810,2,576,123188.722
"1359",2819,7,1700,1,450,204742.65
"1360",2820,4,1350,2,504,119982.872
"1361",2821,5,1150,1,215,113752.462
"1362",2822,6,2009,3,795,230016.807
"1363",2823,6,3672,2,836,302839.782
"1364",2824,5,1560,2,528,158377.528
"1365",2825,5,1488,2,569,156508.87
"1366",2826,5,1057,1,288,112170.067
"1367",2827,6,1609,1,305,167228.343
"1368",2828,6,2559,2,506,233977.293
"1369",2829,6,1440,4,920,218312.042
"1370",2830,7,1876,3,848,252610.786
"1371",2831,7,1208,2,632,199219.252
"1372",2832,6,1846,2,495,198175.486
"1373",2833,8,1590,3,754,261522.83
"1374",2834,7,1809,2,638,229261.493
"1375",2835,7,1614,2,576,217023.122
"1376",2836,7,1596,2,610,217541.06
"1377",2837,6,1388,2,522,176590.958
"1378",2838,5,1100,2,462,132836.4
"1379",2839,6,1499,2,473,180061.139
"1380",2840,7,1425,2,591,208275.995
"1381",2841,7,1749,2,515,221185.319
"1382",2842,7,1779,2,586,225617.447
"1383",2843,6,1388,1,317,156770.446
"1384",2844,6,1282,3,672,188875.442
"1385",2845,5,864,1,297,102975.78
"1386",2846,7,1762,2,591,224982.096
"1387",2847,6,1755,2,530,195116.073
"1388",2848,8,1358,2,418,224767.764
"1389",2849,7,1909,2,529,229697.691
"1390",2850,8,2214,3,646,287976.758
"1391",2851,7,2049,2,467,234066.275
"1392",2852,7,1939,3,555,243580.831
"1393",2853,7,1995,2,610,237320.687
"1394",2854,6,848,2,420,145590.782
"1395",2855,7,1390,2,545,204632.952
"1396",2856,7,1737,2,578,223203.557
"1397",2857,7,1611,2,572,216708.491
"1398",2858,7,1336,2,502,200172.456
"1399",2859,4,1436,2,528,125241.622
"1400",2860,6,1012,0,0,113664.95
"1401",2861,5,1176,1,360,121055.67
"1402",2862,7,1724,2,616,224135.272
"1403",2863,6,914,0,0,108806.796
"1404",2864,7,2314,2,502,248654.85
"1405",2865,6,1072,2,525,161050.324
"1406",2866,7,1709,2,380,213602.869
"1407",2867,4,936,1,265,78228.886
"1408",2868,6,1338,2,528,174361.176
"1409",2869,4,1669,1,288,115519.889
"1410",2870,4,1482,2,609,130881.698
"1411",2871,4,1414,0,0,79615.588
"1412",2872,2,498,1,216,505.781999999996
"1413",2873,4,1273,1,275,95349.767
"1414",2874,5,1551,1,240,134668.185
"1415",2875,6,1340,1,440,159492.736
"1416",2876,7,1479,1,312,188063.053
"1417",2877,6,1510,1,216,158629.074
"1418",2878,7,1636,1,288,194850.542
"1419",2879,5,1465,1,240,130404.907
"1420",2880,5,1288,1,240,121630.486
"1421",2881,6,1550,1,318,164842.75
"1422",2882,5,1717,1,410,149948.563
"1423",2883,7,1671,2,451,214664.033
"1424",2884,7,1609,3,579,228217.213
"1425",2885,6,1801,2,365,190552.561
"1426",2886,5,2315,1,342,176772.713
"1427",2887,5,976,1,215,105126.76
"1428",2888,6,1285,2,506,170821.291
"1429",2889,4,672,0,0,42832.422
"1430",2890,4,641,1,272,63895.197
"1431",2891,6,1638,1,384,171942.722
"1432",2892,3,729,0,0,18669.229
"1433",2893,5,1396,0,0,105712.128
"1434",2894,3,936,0,0,28930.84
"1435",2895,8,1778,2,495,248782.23
"1436",2896,8,1646,2,525,243482.934
"1437",2897,6,1625,2,576,190579.571
"1438",2898,6,1664,2,616,194172.038
"1439",2899,8,1491,2,490,234347.389
"1440",2900,6,1210,2,528,168015.832
"1441",2901,6,1650,2,518,189413.172
"1442",2902,6,1403,2,470,175177.697
"1443",2903,8,1960,3,714,278205.72
"1444",2904,9,1838,3,682,297819.372
"1445",2905,1,1600,1,270,30386.186
"1446",2906,7,1368,4,784,236090.632
"1447",2907,5,1304,1,336,126405.542
"1448",2908,5,874,1,288,103098.208
"1449",2909,5,1652,3,928,190846.966
"1450",2910,4,630,0,0,40750.356
"1451",2911,4,1092,1,253,85464.538
"1452",2912,5,1360,1,336,129181.63
"1453",2913,4,1092,1,286,86833.312
"1454",2914,4,1092,0,0,63653.082
"1455",2915,4,1092,0,0,63653.082
"1456",2916,4,1092,1,286,86833.312
"1457",2917,5,1224,2,576,143711.944
"1458",2918,5,970,0,0,84594.03
"1459",2919,7,2000,3,650,250545.194
